-- phpMyAdmin SQL Dump
-- version 5.0.4
-- https://www.phpmyadmin.net/
--
-- Host: 127.0.0.1
-- Generation Time: Mar 01, 2021 at 05:04 AM
-- Server version: 10.4.17-MariaDB
-- PHP Version: 8.0.2

SET SQL_MODE = "NO_AUTO_VALUE_ON_ZERO";
START TRANSACTION;
SET time_zone = "+00:00";


/*!40101 SET @OLD_CHARACTER_SET_CLIENT=@@CHARACTER_SET_CLIENT */;
/*!40101 SET @OLD_CHARACTER_SET_RESULTS=@@CHARACTER_SET_RESULTS */;
/*!40101 SET @OLD_COLLATION_CONNECTION=@@COLLATION_CONNECTION */;
/*!40101 SET NAMES utf8mb4 */;

--
-- Database: `finalproject`
--

-- --------------------------------------------------------

--
-- Table structure for table `admin`
--

CREATE TABLE `admin` (
  `ad_id` int(10) NOT NULL,
  `name` varchar(100) NOT NULL,
  `pass` varchar(100) NOT NULL
) ENGINE=InnoDB DEFAULT CHARSET=utf8mb4;

--
-- Dumping data for table `admin`
--

INSERT INTO `admin` (`ad_id`, `name`, `pass`) VALUES
(1, 'dipesh', 'dipesh123'),
(2, 'sayal', 'sayal789'),
(3, 'shekhar', 'shekhar123'),
(4, 'Prince', 'prince10');

-- --------------------------------------------------------

--
-- Table structure for table `attendance`
--

CREATE TABLE `attendance` (
  `a_id` int(10) NOT NULL,
  `std_id` int(10) NOT NULL,
  `date` varchar(50) NOT NULL,
  `time` varchar(50) NOT NULL
) ENGINE=InnoDB DEFAULT CHARSET=utf8mb4;

--
-- Dumping data for table `attendance`
--

INSERT INTO `attendance` (`a_id`, `std_id`, `date`, `time`) VALUES
(1, 1230, '2021-02-08', '07:05 AM'),
(2, 1290, '2021-02-08', '07:07 AM'),
(3, 2390, '2021-02-08', '07:02 AM'),
(4, 2783, '2021-02-08', '07:06 AM'),
(5, 3019, '2021-02-08', '07:04 AM'),
(6, 3456, '2021-02-08', '07:05 AM'),
(7, 3541, '2021-02-08', '07:08 AM'),
(8, 3697, '2021-02-08', '07:05 AM'),
(9, 4056, '2021-02-08', '07:07 AM'),
(10, 4215, '2021-02-08', '07:01 AM'),
(11, 7905, '2021-02-08', '07:00 AM'),
(12, 8409, '2021-02-08', '07:06 AM'),
(13, 8476, '2021-02-08', '07:03 AM'),
(14, 9082, '2021-02-08', '07:01 AM'),
(15, 9381, '2021-02-08', '07:04 AM'),
(16, 9635, '2021-02-08', '07:08 AM'),
(17, 1230, '2021-02-09', '07:02 AM'),
(18, 1290, '2021-02-09', '07:06 AM'),
(19, 2390, '2021-02-09', '07:08 AM'),
(20, 2403, '2021-02-09', '07:04 AM'),
(21, 2783, '2021-02-09', '07:02 AM'),
(22, 3019, '2021-02-09', '07:05 AM'),
(23, 3456, '2021-02-09', '07:06 AM'),
(24, 3541, '2021-02-09', '07:01 AM'),
(25, 3697, '2021-02-09', '07:07 AM'),
(26, 4215, '2021-02-09', '07:03 AM'),
(27, 7905, '2021-02-09', '07:04 AM'),
(28, 8409, '2021-02-09', '07:02 AM'),
(29, 8476, '2021-02-09', '07:07 AM'),
(30, 9045, '2021-02-09', '07:08 AM'),
(31, 9082, '2021-02-09', '07:05 AM'),
(32, 9381, '2021-02-09', '07:03 AM'),
(33, 9635, '2021-02-09', '07:02 AM'),
(34, 1230, '2021-02-10', '07:02 AM'),
(35, 1290, '2021-02-10', '07:03 AM'),
(36, 2390, '2021-02-10', '07:06 AM'),
(37, 2403, '2021-02-10', '07:08 AM'),
(38, 2783, '2021-02-10', '07:01 AM'),
(39, 3019, '2021-02-10', '07:04 AM'),
(40, 3456, '2021-02-10', '07:05 AM'),
(41, 3541, '2021-02-10', '07:07 AM'),
(42, 3697, '2021-02-10', '07:02 AM'),
(43, 4056, '2021-02-10', '07:05 AM'),
(44, 4215, '2021-02-10', '07:03 AM'),
(45, 7905, '2021-02-10', '07:08 AM'),
(46, 8409, '2021-02-10', '07:03 AM'),
(47, 8476, '2021-02-10', '07:04 AM'),
(48, 9045, '2021-02-10', '07:01 AM'),
(49, 9082, '2021-02-10', '07:06 AM'),
(50, 9381, '2021-02-10', '07:05 AM'),
(51, 9635, '2021-02-10', '07:05 AM'),
(52, 1230, '2021-02-11', '07:04 AM'),
(53, 1290, '2021-02-11', '07:06 AM'),
(54, 2390, '2021-02-11', '07:02 AM'),
(55, 2403, '2021-02-11', '07:03 AM'),
(56, 2783, '2021-02-11', '07:06 AM'),
(57, 3019, '2021-02-11', '07:05 AM'),
(58, 3456, '2021-02-11', '07:01 AM'),
(59, 3541, '2021-02-11', '07:04 AM'),
(60, 3697, '2021-02-11', '07:03 AM'),
(61, 4056, '2021-02-11', '07:08 AM'),
(62, 4215, '2021-02-11', '07:07 AM'),
(63, 7905, '2021-02-11', '07:06 AM'),
(64, 8409, '2021-02-11', '07:02 AM'),
(65, 8476, '2021-02-11', '07:03 AM'),
(66, 9045, '2021-02-11', '07:06 AM'),
(67, 9082, '2021-02-11', '07:04 AM'),
(68, 9381, '2021-02-11', '07:03 AM'),
(69, 9635, '2021-02-11', '07:06 AM'),
(70, 1230, '2021-02-12', '07:03 AM'),
(71, 1290, '2021-02-12', '07:04 AM'),
(72, 2390, '2021-02-12', '07:05 AM'),
(73, 2403, '2021-02-12', '07:03 AM'),
(74, 2783, '2021-02-12', '07:04 AM'),
(75, 3019, '2021-02-12', '07:08 AM'),
(76, 3456, '2021-02-12', '07:07 AM'),
(77, 3541, '2021-02-12', '07:07 AM'),
(78, 3697, '2021-02-12', '07:05 AM'),
(79, 7905, '2021-02-12', '07:01 AM'),
(80, 8409, '2021-02-12', '07:05 AM'),
(81, 8476, '2021-02-12', '07:07 AM'),
(82, 9045, '2021-02-12', '07:05 AM'),
(83, 9082, '2021-02-12', '07:03 AM'),
(84, 9381, '2021-02-12', '07:02 AM'),
(85, 9635, '2021-02-12', '07:08 AM'),
(86, 1230, '2021-02-14', '07:01 AM'),
(87, 2390, '2021-02-14', '07:04 AM'),
(88, 2403, '2021-02-14', '07:06 AM'),
(89, 2783, '2021-02-14', '07:07 AM'),
(90, 3019, '2021-02-14', '07:02 AM'),
(91, 3456, '2021-02-14', '07:08 AM'),
(92, 3541, '2021-02-14', '07:02 AM'),
(93, 4056, '2021-02-14', '07:06 AM'),
(94, 4215, '2021-02-14', '07:08 AM'),
(95, 7905, '2021-02-14', '07:02 AM'),
(96, 8409, '2021-02-14', '07:05 AM'),
(97, 8476, '2021-02-14', '07:03 AM'),
(98, 9045, '2021-02-14', '07:07 AM'),
(99, 9381, '2021-02-14', '07:05 AM'),
(100, 9635, '2021-02-14', '07:01 AM'),
(101, 1230, '2021-02-15', '07:01 AM'),
(102, 1290, '2021-02-15', '07:03 AM'),
(103, 2390, '2021-02-15', '07:06 AM'),
(104, 2403, '2021-02-15', '07:08 AM'),
(105, 2783, '2021-02-15', '07:02 AM'),
(106, 3456, '2021-02-15', '07:05 AM'),
(107, 3541, '2021-02-15', '07:07 AM'),
(108, 3697, '2021-02-15', '07:03 AM'),
(109, 4056, '2021-02-15', '07:02 AM'),
(110, 4215, '2021-02-15', '07:05 AM'),
(111, 7905, '2021-02-15', '07:04 AM'),
(112, 8409, '2021-02-15', '07:08 AM'),
(113, 9045, '2021-02-15', '07:04 AM'),
(114, 9082, '2021-02-15', '07:01 AM'),
(115, 9381, '2021-02-15', '07:01 AM'),
(116, 9635, '2021-02-15', '07:06 AM'),
(117, 1230, '2021-02-16', '07:02 AM'),
(118, 2390, '2021-02-16', '07:02 AM'),
(119, 2403, '2021-02-16', '07:05 AM'),
(120, 2783, '2021-02-16', '07:04 AM'),
(121, 3019, '2021-02-16', '07:07 AM'),
(122, 3456, '2021-02-16', '07:08 AM'),
(123, 3541, '2021-02-16', '07:06 AM'),
(124, 3697, '2021-02-16', '07:01 AM'),
(125, 4056, '2021-02-16', '07:03 AM'),
(126, 4215, '2021-02-16', '07:04 AM'),
(127, 7905, '2021-02-16', '07:06 AM'),
(128, 8409, '2021-02-16', '07:01 AM'),
(129, 8476, '2021-02-16', '07:02 AM'),
(130, 9045, '2021-02-16', '07:05 AM'),
(131, 9082, '2021-02-16', '07:04 AM'),
(132, 9381, '2021-02-16', '07:03 AM'),
(133, 1290, '2021-02-17', '07:04 AM'),
(134, 2390, '2021-02-17', '07:05 AM'),
(135, 2403, '2021-02-17', '07:07 AM'),
(136, 2783, '2021-02-17', '07:08 AM'),
(137, 3019, '2021-02-17', '07:08 AM'),
(138, 3456, '2021-02-17', '07:04 AM'),
(139, 3541, '2021-02-17', '07:05 AM'),
(140, 3697, '2021-02-17', '07:01 AM'),
(141, 4215, '2021-02-17', '07:07 AM'),
(142, 7905, '2021-02-17', '07:06 AM'),
(143, 8409, '2021-02-17', '07:04 AM'),
(144, 8476, '2021-02-17', '07:08 AM'),
(145, 9045, '2021-02-17', '07:02 AM'),
(146, 9082, '2021-02-17', '07:01 AM'),
(147, 9381, '2021-02-17', '07:02 AM'),
(148, 9635, '2021-02-17', '07:06 AM'),
(149, 1230, '2021-02-17', '07:03 AM'),
(157, 4056, '2021-02-17', '07:03 AM'),
(165, 1230, '2021-02-18', '07:04 AM'),
(166, 1290, '2021-02-18', '07:02 AM'),
(167, 2390, '2021-02-18', '07:06 AM'),
(168, 2403, '2021-02-18', '07:08 AM'),
(169, 2783, '2021-02-18', '07:01 AM'),
(170, 3019, '2021-02-18', '07:03 AM'),
(171, 3456, '2021-02-18', '07:05 AM'),
(172, 3697, '2021-02-18', '07:08 AM'),
(173, 4056, '2021-02-18', '07:05 AM'),
(174, 4215, '2021-02-18', '07:03 AM'),
(175, 7905, '2021-02-18', '07:01 AM'),
(176, 8409, '2021-02-18', '07:04 AM'),
(177, 8476, '2021-02-18', '07:02 AM'),
(178, 9045, '2021-02-18', '07:06 AM'),
(179, 9381, '2021-02-18', '07:03 AM'),
(180, 9635, '2021-02-18', '07:06 AM'),
(181, 2783, '2021-01-15', '07:03 AM'),
(182, 1230, '2021-01-15', '07:05 AM'),
(183, 1290, '2021-01-15', '07:07 AM'),
(184, 2403, '2021-01-15', '07:09 AM'),
(185, 2390, '2021-01-15', '07:11 AM'),
(186, 3456, '2021-01-15', '07:14 AM'),
(187, 3541, '2021-01-15', '07:16 AM'),
(188, 3019, '2021-01-15', '07:18 AM'),
(189, 3697, '2021-01-15', '07:20 AM'),
(190, 4215, '2021-01-15', '07:22 AM'),
(191, 7905, '2021-01-15', '07:24 AM'),
(192, 4056, '2021-01-15', '07:26 AM'),
(193, 8476, '2021-01-15', '07:28 AM'),
(194, 9082, '2021-01-15', '07:30 AM'),
(195, 8409, '2021-01-15', '07:32 AM'),
(196, 9045, '2021-01-15', '07:34 AM'),
(197, 9635, '2021-01-15', '07:36 AM'),
(198, 9381, '2021-01-15', '07:38 AM'),
(199, 1230, '2021-01-16', '07:04 AM'),
(200, 1290, '2021-01-16', '07:06 AM'),
(201, 2403, '2021-01-16', '07:08 AM'),
(202, 2390, '2021-01-16', '07:10 AM'),
(203, 3456, '2021-01-16', '07:12 AM'),
(204, 3541, '2021-01-16', '07:14 AM'),
(205, 3019, '2021-01-16', '07:16 AM'),
(206, 3697, '2021-01-16', '07:18 AM'),
(207, 4215, '2021-01-16', '07:20 AM'),
(208, 7905, '2021-01-16', '07:22 AM'),
(209, 4056, '2021-01-16', '07:24 AM'),
(210, 8476, '2021-01-16', '07:26 AM'),
(211, 8409, '2021-01-16', '07:30 AM'),
(212, 9045, '2021-01-16', '07:32 AM'),
(213, 9635, '2021-01-16', '07:34 AM'),
(214, 9381, '2021-01-16', '07:36 AM'),
(215, 2783, '2021-01-17', '07:02 AM'),
(216, 1230, '2021-01-17', '07:04 AM'),
(217, 1290, '2021-01-17', '07:06 AM'),
(218, 2403, '2021-01-17', '07:08 AM'),
(219, 2390, '2021-01-17', '07:10 AM'),
(220, 3456, '2021-01-17', '07:12 AM'),
(221, 3541, '2021-01-17', '07:14 AM'),
(222, 3019, '2021-01-17', '07:16 AM'),
(223, 3697, '2021-01-17', '07:18 AM'),
(224, 7905, '2021-01-17', '07:22 AM'),
(225, 4056, '2021-01-17', '07:24 AM'),
(226, 8476, '2021-01-17', '07:26 AM'),
(227, 9082, '2021-01-17', '07:28 AM'),
(228, 8409, '2021-01-17', '07:30 AM'),
(229, 9045, '2021-01-17', '07:32 AM'),
(230, 9381, '2021-01-17', '07:39 AM'),
(231, 2783, '2021-01-18', '07:15 AM'),
(232, 1290, '2021-01-18', '07:19 AM'),
(233, 2403, '2021-01-18', '07:21 AM'),
(234, 2390, '2021-01-18', '07:23 AM'),
(235, 3456, '2021-01-18', '07:25 AM'),
(236, 3541, '2021-01-18', '07:27 AM'),
(237, 3019, '2021-01-18', '07:29 AM'),
(238, 3697, '2021-01-18', '07:32 AM'),
(239, 7905, '2021-01-18', '07:38 AM'),
(240, 4056, '2021-01-18', '07:42 AM'),
(241, 8476, '2021-01-18', '07:46 AM'),
(242, 9082, '2021-01-18', '07:49 AM'),
(243, 8409, '2021-01-18', '07:52 AM'),
(244, 9635, '2021-01-18', '07:56 AM'),
(245, 9381, '2021-01-18', '07:58 AM'),
(246, 2783, '2021-01-19', '07:05 AM'),
(247, 1230, '2021-01-19', '07:07 AM'),
(248, 1290, '2021-01-19', '07:09 AM'),
(249, 2390, '2021-01-19', '07:12 AM'),
(250, 3456, '2021-01-19', '07:16 AM'),
(251, 3541, '2021-01-19', '07:18 AM'),
(252, 3019, '2021-01-19', '07:22 AM'),
(253, 3697, '2021-01-19', '07:24 AM'),
(254, 4215, '2021-01-19', '07:28 AM'),
(255, 4056, '2021-01-19', '07:32 AM'),
(256, 8476, '2021-01-19', '07:34 AM'),
(257, 9082, '2021-01-19', '07:38 AM'),
(258, 8409, '2021-01-19', '07:42 AM'),
(259, 9045, '2021-01-19', '07:46 AM'),
(260, 9635, '2021-01-19', '07:48 AM'),
(261, 9381, '2021-01-19', '07:52 AM'),
(262, 2783, '2021-01-20', '07:00 AM'),
(263, 1290, '2021-01-20', '07:02 AM'),
(264, 2390, '2021-01-20', '07:04 AM'),
(265, 3456, '2021-01-20', '07:08 AM'),
(266, 3541, '2021-01-20', '07:10 AM'),
(267, 3697, '2021-01-20', '07:15 AM'),
(268, 4215, '2021-01-20', '07:18 AM'),
(269, 7905, '2021-01-20', '07:21 AM'),
(270, 4056, '2021-01-20', '07:24 AM'),
(271, 8476, '2021-01-20', '07:29 AM'),
(272, 9082, '2021-01-20', '07:32 AM'),
(273, 8409, '2021-01-20', '07:39 AM'),
(274, 9045, '2021-01-20', '07:42 AM'),
(275, 9635, '2021-01-20', '07:48 AM'),
(276, 9381, '2021-01-20', '07:50 AM'),
(277, 2783, '2021-01-21', '07:02 AM'),
(278, 1230, '2021-01-21', '07:07 AM'),
(279, 1290, '2021-01-21', '07:09 AM'),
(280, 2390, '2021-01-21', '07:12 AM'),
(281, 3456, '2021-01-21', '07:15 AM'),
(282, 3541, '2021-01-21', '07:18 AM'),
(283, 3019, '2021-01-21', '07:20 AM'),
(284, 3697, '2021-01-21', '07:23 AM'),
(285, 4215, '2021-01-21', '07:27 AM'),
(286, 7905, '2021-01-21', '07:30 AM'),
(287, 4056, '2021-01-21', '07:33 AM'),
(288, 8476, '2021-01-21', '07:38 AM'),
(289, 9082, '2021-01-21', '07:44 AM'),
(290, 8409, '2021-01-21', '07:47 AM'),
(291, 9045, '2021-01-21', '07:50 AM'),
(292, 9635, '2021-01-21', '07:52 AM'),
(293, 2783, '2021-01-22', '07:09 AM'),
(294, 1230, '2021-01-22', '07:12 AM'),
(295, 2403, '2021-01-22', '07:14 AM'),
(296, 2390, '2021-01-22', '07:16 AM'),
(297, 3456, '2021-01-22', '07:18 AM'),
(298, 3541, '2021-01-22', '07:20 AM'),
(299, 3019, '2021-01-22', '07:22 AM'),
(300, 3697, '2021-01-22', '07:24 AM'),
(301, 4215, '2021-01-22', '07:26 AM'),
(302, 7905, '2021-01-22', '07:29 AM'),
(303, 4056, '2021-01-22', '07:31 AM'),
(304, 8476, '2021-01-22', '07:34 AM'),
(305, 9082, '2021-01-22', '07:36 AM'),
(306, 8409, '2021-01-22', '07:38 AM'),
(307, 9045, '2021-01-22', '07:40 AM'),
(308, 9635, '2021-01-22', '07:43 AM'),
(309, 9381, '2021-01-22', '07:45 AM'),
(310, 2783, '2021-01-23', '07:01 AM'),
(311, 1230, '2021-01-23', '07:07 AM'),
(312, 1290, '2021-01-23', '07:07 AM'),
(313, 2390, '2021-01-23', '07:14 AM'),
(314, 3541, '2021-01-23', '07:16 AM'),
(315, 3697, '2021-01-23', '07:23 AM'),
(316, 4215, '2021-01-23', '07:25 AM'),
(317, 7905, '2021-01-23', '07:29 AM'),
(318, 4056, '2021-01-23', '07:32 AM'),
(319, 9082, '2021-01-23', '07:37 AM'),
(320, 8409, '2021-01-23', '07:39 AM'),
(321, 9045, '2021-01-23', '07:41 AM'),
(322, 9635, '2021-01-23', '07:44 AM'),
(323, 9381, '2021-01-23', '07:46 AM'),
(324, 1230, '2021-01-24', '07:09 AM'),
(325, 1290, '2021-01-24', '07:12 AM'),
(326, 2403, '2021-01-24', '07:14 AM'),
(327, 2390, '2021-01-24', '07:16 AM'),
(328, 3456, '2021-01-24', '07:18 AM'),
(329, 3541, '2021-01-24', '07:20 AM'),
(330, 3019, '2021-01-24', '07:22 AM'),
(331, 3697, '2021-01-24', '07:24 AM'),
(332, 4215, '2021-01-24', '07:26 AM'),
(333, 7905, '2021-01-24', '07:29 AM'),
(334, 4056, '2021-01-24', '07:31 AM'),
(335, 9082, '2021-01-24', '07:40 AM'),
(336, 8409, '2021-01-24', '07:43 AM'),
(337, 9635, '2021-01-24', '07:45 AM'),
(338, 9381, '2021-01-24', '07:48 AM'),
(339, 2783, '2021-01-25', '07:01 AM'),
(340, 1230, '2021-01-25', '07:03 AM'),
(341, 1290, '2021-01-25', '07:05 AM'),
(342, 2403, '2021-01-25', '07:08 AM'),
(343, 2390, '2021-01-25', '07:10 AM'),
(344, 3456, '2021-01-25', '07:12 AM'),
(345, 3541, '2021-01-25', '07:15 AM'),
(346, 3019, '2021-01-25', '07:18 AM'),
(347, 3697, '2021-01-25', '07:20 AM'),
(348, 4215, '2021-01-25', '07:23 AM'),
(349, 7905, '2021-01-25', '07:28 AM'),
(350, 4056, '2021-01-25', '07:30 AM'),
(351, 8476, '2021-01-25', '07:35 AM'),
(352, 9082, '2021-01-25', '07:40 AM'),
(353, 8409, '2021-01-25', '07:42 AM'),
(354, 9635, '2021-01-25', '07:50 AM'),
(355, 9381, '2021-01-25', '07:56 AM'),
(356, 2783, '2021-01-26', '07:05 AM'),
(357, 2390, '2021-01-26', '07:05 AM'),
(358, 1290, '2021-01-26', '07:07 AM'),
(359, 3456, '2021-01-26', '07:09 AM'),
(360, 3697, '2021-01-26', '07:11 AM'),
(361, 4215, '2021-01-26', '07:14 AM'),
(362, 9045, '2021-01-26', '07:16 AM'),
(363, 9381, '2021-01-26', '07:18 AM'),
(364, 7905, '2021-01-26', '07:20 AM'),
(366, 9635, '2021-01-26', '07:24 AM'),
(367, 9082, '2021-01-26', '07:26 AM'),
(368, 8409, '2021-01-26', '07:28 AM'),
(369, 4056, '2021-01-26', '07:30 AM'),
(370, 3541, '2021-01-26', '07:32 AM'),
(371, 3019, '2021-01-26', '07:34 AM'),
(372, 2403, '2021-01-26', '07:36 AM'),
(373, 1230, '2021-01-26', '07:38 AM'),
(374, 3456, '2021-01-27', '07:01 AM'),
(375, 9082, '2021-01-27', '07:02 AM'),
(376, 2783, '2021-01-27', '07:02 AM'),
(377, 4056, '2021-01-27', '07:03 AM'),
(378, 9045, '2021-01-27', '07:05 AM'),
(379, 9381, '2021-01-27', '07:06 AM'),
(380, 1230, '2021-01-27', '07:09 AM'),
(381, 2390, '2021-01-27', '07:09 AM'),
(382, 2403, '2021-01-27', '07:10 AM'),
(383, 1290, '2021-01-27', '07:10 AM'),
(384, 3697, '2021-01-27', '07:12 AM'),
(385, 3019, '2021-01-27', '07:14 AM'),
(386, 8409, '2021-01-27', '07:16 AM'),
(387, 4215, '2021-01-27', '07:18 AM'),
(388, 9635, '2021-01-27', '07:19 AM'),
(389, 7905, '2021-01-27', '07:20 AM'),
(390, 2390, '2021-01-28', '07:09 AM'),
(391, 7905, '2021-01-28', '07:10 AM'),
(392, 9082, '2021-01-28', '07:11 AM'),
(393, 9635, '2021-01-28', '07:11 AM'),
(394, 3456, '2021-01-28', '07:14 AM'),
(395, 8409, '2021-01-28', '07:16 AM'),
(396, 2783, '2021-01-28', '07:17 AM'),
(397, 3019, '2021-01-28', '07:19 AM'),
(398, 4056, '2021-01-28', '07:20 AM'),
(399, 3697, '2021-01-28', '07:21 AM'),
(400, 9045, '2021-01-28', '07:23 AM'),
(401, 1290, '2021-01-28', '07:24 AM'),
(402, 9381, '2021-01-28', '07:26 AM'),
(403, 2403, '2021-01-28', '07:27 AM'),
(404, 1230, '2021-01-28', '07:29 AM'),
(405, 3541, '2021-01-28', '07:32 AM'),
(406, 4215, '2021-01-28', '07:32 AM'),
(407, 4215, '2021-01-29', '07:01 AM'),
(408, 2390, '2021-01-29', '07:01 AM'),
(409, 3541, '2021-01-29', '07:02 AM'),
(410, 7905, '2021-01-29', '07:03 AM'),
(411, 1230, '2021-01-29', '07:03 AM'),
(412, 9082, '2021-01-29', '07:04 AM'),
(413, 2403, '2021-01-29', '07:05 AM'),
(414, 9635, '2021-01-29', '07:05 AM'),
(415, 9381, '2021-01-29', '07:06 AM'),
(416, 3456, '2021-01-29', '07:07 AM'),
(417, 1290, '2021-01-29', '07:09 AM'),
(418, 8409, '2021-01-29', '07:11 AM'),
(419, 9045, '2021-01-29', '07:13 AM'),
(420, 2783, '2021-01-29', '07:15 AM'),
(421, 3697, '2021-01-29', '07:16 AM'),
(422, 4056, '2021-01-29', '07:18 AM'),
(423, 3019, '2021-01-29', '07:19 AM'),
(425, 3541, '2021-01-31', '07:01 AM'),
(426, 4215, '2021-01-31', '07:01 AM'),
(427, 3019, '2021-01-31', '07:01 AM'),
(428, 2390, '2021-01-31', '07:01 AM'),
(429, 4056, '2021-01-31', '07:01 AM'),
(431, 1230, '2021-01-31', '07:01 AM'),
(432, 2783, '2021-01-31', '07:01 AM'),
(433, 8409, '2021-01-31', '07:01 AM'),
(434, 2403, '2021-01-31', '07:01 AM'),
(435, 9381, '2021-01-31', '07:01 AM'),
(436, 2403, '2021-02-01', '07:01 AM'),
(437, 3541, '2021-02-01', '07:01 AM'),
(438, 9381, '2021-02-01', '07:03 AM'),
(439, 4215, '2021-02-01', '07:04 AM'),
(440, 8409, '2021-02-01', '07:06 AM'),
(441, 3019, '2021-02-01', '07:08 AM'),
(442, 2783, '2021-02-01', '07:10 AM'),
(443, 2390, '2021-02-01', '07:11 AM'),
(444, 1230, '2021-02-01', '07:12 AM'),
(445, 4056, '2021-02-01', '07:13 AM'),
(448, 9082, '2021-02-01', '07:25 AM'),
(449, 3019, '2021-02-02', '07:02 AM'),
(450, 3541, '2021-02-02', '07:02 AM'),
(451, 3697, '2021-02-02', '07:03 AM'),
(452, 4056, '2021-02-02', '07:03 AM'),
(453, 9045, '2021-02-02', '07:05 AM'),
(454, 2783, '2021-02-02', '07:06 AM'),
(455, 1290, '2021-02-02', '07:09 AM'),
(456, 8409, '2021-02-02', '07:11 AM'),
(457, 9082, '2021-02-02', '07:14 AM'),
(458, 2403, '2021-02-02', '07:15 AM'),
(459, 9635, '2021-02-02', '07:15 AM'),
(460, 9381, '2021-02-02', '07:16 AM'),
(461, 3456, '2021-02-02', '07:17 AM'),
(462, 4215, '2021-02-02', '07:18 AM'),
(463, 2390, '2021-02-02', '07:19 AM'),
(465, 7905, '2021-02-02', '07:30 AM'),
(466, 1230, '2021-02-02', '07:30 AM'),
(467, 8409, '2021-02-03', '07:00 AM'),
(468, 9082, '2021-02-03', '07:01 AM'),
(469, 1230, '2021-02-03', '07:03 AM'),
(470, 7905, '2021-02-03', '07:04 AM'),
(471, 3541, '2021-02-03', '07:05 AM'),
(472, 3019, '2021-02-03', '07:07 AM'),
(474, 2390, '2021-02-03', '07:09 AM'),
(475, 4056, '2021-02-03', '07:11 AM'),
(476, 3697, '2021-02-03', '07:11 AM'),
(477, 4215, '2021-02-03', '07:12 AM'),
(478, 3456, '2021-02-03', '07:13 AM'),
(479, 9045, '2021-02-03', '07:13 AM'),
(480, 2783, '2021-02-03', '07:14 AM'),
(481, 9381, '2021-02-03', '07:15 AM'),
(482, 9635, '2021-02-03', '07:16 AM'),
(483, 1290, '2021-02-03', '07:17 AM'),
(484, 2403, '2021-02-03', '07:18 AM'),
(485, 1290, '2021-02-04', '07:09 AM'),
(486, 2403, '2021-02-04', '07:11 AM'),
(487, 4056, '2021-02-04', '07:18 AM'),
(488, 3697, '2021-02-04', '07:20 AM'),
(489, 1230, '2021-02-04', '07:22 AM'),
(490, 7905, '2021-02-04', '07:22 AM'),
(491, 4056, '2021-02-05', '07:11 AM'),
(492, 3697, '2021-02-05', '07:11 AM'),
(493, 4215, '2021-02-05', '07:12 AM'),
(494, 3456, '2021-02-05', '07:13 AM'),
(495, 9045, '2021-02-05', '07:13 AM'),
(496, 2783, '2021-02-05', '07:14 AM'),
(497, 9381, '2021-02-05', '07:15 AM'),
(498, 9635, '2021-02-05', '07:16 AM'),
(499, 1290, '2021-02-05', '07:17 AM'),
(500, 2403, '2021-02-05', '07:18 AM'),
(501, 8409, '2021-02-05', '07:19 AM'),
(502, 9082, '2021-02-05', '07:20 AM'),
(503, 1230, '2021-02-05', '07:20 AM'),
(504, 7905, '2021-02-05', '07:22 AM'),
(505, 3541, '2021-02-05', '07:24 AM'),
(506, 3019, '2021-02-05', '07:26 AM'),
(508, 2390, '2021-02-05', '07:27 AM'),
(509, 9045, '2021-02-07', '07:05 AM'),
(510, 9381, '2021-02-07', '07:06 AM'),
(511, 1230, '2021-02-07', '07:09 AM'),
(512, 2390, '2021-02-07', '07:09 AM'),
(513, 2403, '2021-02-07', '07:10 AM'),
(514, 1290, '2021-02-07', '07:10 AM'),
(515, 3697, '2021-02-07', '07:12 AM'),
(516, 3019, '2021-02-07', '07:14 AM'),
(517, 8409, '2021-02-07', '07:16 AM'),
(518, 4215, '2021-02-07', '07:18 AM'),
(519, 9635, '2021-02-07', '07:19 AM'),
(520, 7905, '2021-02-07', '07:20 AM'),
(530, 2783, '2021-02-28', '02:47 PM'),
(541, 3541, '2021-02-28', '03:01 PM'),
(542, 2403, '2021-02-28', '03:01 PM'),
(543, 2783, '2021-03-01', '05:15 AM');

-- --------------------------------------------------------

--
-- Table structure for table `faculty`
--

CREATE TABLE `faculty` (
  `f_id` int(10) NOT NULL,
  `name` varchar(50) NOT NULL
) ENGINE=InnoDB DEFAULT CHARSET=utf8mb4;

--
-- Dumping data for table `faculty`
--

INSERT INTO `faculty` (`f_id`, `name`) VALUES
(1, 'CSIT'),
(2, 'BCA'),
(3, 'BIM');

-- --------------------------------------------------------

--
-- Table structure for table `semester`
--

CREATE TABLE `semester` (
  `sem_id` int(10) NOT NULL,
  `name` varchar(50) NOT NULL,
  `faculty_id` int(10) NOT NULL
) ENGINE=InnoDB DEFAULT CHARSET=utf8mb4;

--
-- Dumping data for table `semester`
--

INSERT INTO `semester` (`sem_id`, `name`, `faculty_id`) VALUES
(1, 'First', 1),
(2, 'Second', 1),
(3, 'Third', 1),
(4, 'First', 2),
(5, 'Second', 2),
(6, 'Third', 2),
(7, 'First', 3),
(8, 'Second', 3),
(9, 'Third', 3);

-- --------------------------------------------------------

--
-- Table structure for table `student`
--

CREATE TABLE `student` (
  `std_id` int(10) NOT NULL,
  `fullname` varchar(100) NOT NULL,
  `faculty_id` int(10) NOT NULL,
  `semester_id` int(10) NOT NULL
) ENGINE=InnoDB DEFAULT CHARSET=utf8mb4;

--
-- Dumping data for table `student`
--

INSERT INTO `student` (`std_id`, `fullname`, `faculty_id`, `semester_id`) VALUES
(1230, 'Saroj Bogati', 2, 4),
(1290, 'Hari Bahadur', 3, 8),
(2390, 'Sanjay Manandhar', 1, 3),
(2403, 'Sayal Manandhar', 1, 2),
(2783, 'Dipesh Parajuli', 1, 1),
(3019, 'Kapil Sapkota', 2, 5),
(3456, 'Laxman Dahal', 2, 6),
(3541, 'Prince Shrestha', 1, 1),
(3697, 'Samir Acharya', 1, 2),
(4056, 'Arjun Shrestha', 3, 9),
(4215, 'Dhanu Moktan', 1, 3),
(7905, 'Shyam Khadka', 3, 7),
(8409, 'ArjunTamang', 3, 9),
(8476, 'Laxman Shrestha', 2, 6),
(9045, 'Madan krishna', 3, 8),
(9082, 'Gaurav Dahal', 2, 5),
(9381, 'Kshitiz Tamang', 2, 4),
(9635, 'Ram Tamang', 3, 7);

--
-- Indexes for dumped tables
--

--
-- Indexes for table `admin`
--
ALTER TABLE `admin`
  ADD PRIMARY KEY (`ad_id`);

--
-- Indexes for table `attendance`
--
ALTER TABLE `attendance`
  ADD PRIMARY KEY (`a_id`),
  ADD KEY `std_id` (`std_id`);

--
-- Indexes for table `faculty`
--
ALTER TABLE `faculty`
  ADD PRIMARY KEY (`f_id`);

--
-- Indexes for table `semester`
--
ALTER TABLE `semester`
  ADD PRIMARY KEY (`sem_id`),
  ADD KEY `faculty_id` (`faculty_id`);

--
-- Indexes for table `student`
--
ALTER TABLE `student`
  ADD PRIMARY KEY (`std_id`),
  ADD KEY `faculty_id` (`faculty_id`),
  ADD KEY `semester_id` (`semester_id`);

--
-- AUTO_INCREMENT for dumped tables
--

--
-- AUTO_INCREMENT for table `admin`
--
ALTER TABLE `admin`
  MODIFY `ad_id` int(10) NOT NULL AUTO_INCREMENT, AUTO_INCREMENT=6;

--
-- AUTO_INCREMENT for table `attendance`
--
ALTER TABLE `attendance`
  MODIFY `a_id` int(10) NOT NULL AUTO_INCREMENT, AUTO_INCREMENT=544;

--
-- AUTO_INCREMENT for table `faculty`
--
ALTER TABLE `faculty`
  MODIFY `f_id` int(10) NOT NULL AUTO_INCREMENT, AUTO_INCREMENT=4;

--
-- AUTO_INCREMENT for table `semester`
--
ALTER TABLE `semester`
  MODIFY `sem_id` int(10) NOT NULL AUTO_INCREMENT, AUTO_INCREMENT=10;

--
-- Constraints for dumped tables
--

--
-- Constraints for table `semester`
--
ALTER TABLE `semester`
  ADD CONSTRAINT `semester_ibfk_1` FOREIGN KEY (`faculty_id`) REFERENCES `faculty` (`f_id`);

--
-- Constraints for table `student`
--
ALTER TABLE `student`
  ADD CONSTRAINT `student_ibfk_1` FOREIGN KEY (`faculty_id`) REFERENCES `faculty` (`f_id`),
  ADD CONSTRAINT `student_ibfk_2` FOREIGN KEY (`semester_id`) REFERENCES `semester` (`sem_id`);
COMMIT;

/*!40101 SET CHARACTER_SET_CLIENT=@OLD_CHARACTER_SET_CLIENT */;
/*!40101 SET CHARACTER_SET_RESULTS=@OLD_CHARACTER_SET_RESULTS */;
/*!40101 SET COLLATION_CONNECTION=@OLD_COLLATION_CONNECTION */;
